,subid,oldfwhm,newfwhm
0,1832999514,7.230429890633899,3.947792174841528
1,2216595430,7.818813004424218,4.284149336322094
2,1867827374,7.477800085680176,3.736525446055917
3,278814796,7.558032705697271,3.9932700494518687
4,3103368139,6.83953456572238,3.690876365613916
5,1654508502,8.098314299894833,4.313873731443267
6,1818459775,7.545859007719264,4.202504351472331
7,2748427955,6.553045561262168,3.945711078576172
8,817266153,6.869525637363033,4.127502686873064
9,1344101127,7.142664517802717,3.825099599853541
10,3925705705,6.59989131959476,4.1665796192196645
11,234528430,7.302885665063224,3.8696071007641097
12,4167756410,8.262902031347663,4.179398216935404
13,628144066,7.323192337046255,4.0508453288662105
14,134279804,7.256415824684055,3.854560819558213
15,2312088658,7.744137559404226,4.161701723795088
16,1512248949,7.552400331932805,3.987770371520632
17,981492397,7.565958842414587,3.839560736394816
18,277233792,7.26603806157297,4.028334786814827
20,360459346,7.631040506732106,4.018711023648706
21,3520758666,6.394180393877033,4.00261499337861
22,4066124203,7.35486621687759,3.868904251268468
23,850131294,7.63477314185208,3.819423655522233
24,2508284118,7.922162950275163,4.36635212734627
25,1163553824,6.948531668463245,3.863823276276455
26,255089519,8.118494285880066,3.987904677632922
27,749926734,7.728756764120166,3.9607056344407217
28,4284367721,8.034851164044584,3.883412513798453
30,997818717,7.130842332859503,4.067101218893312
31,1498873540,8.04561458912794,4.140246200322795
32,1604003015,5.938065549531437,4.217596168320512
33,813520934,7.673272424323462,4.120576614609686
34,4099541746,7.566447284109013,4.041699432360302
35,2861717830,6.970569823356908,3.788819924626302
37,2932582600,6.998485386626358,3.905026420237341
38,1483500237,8.07423282927805,4.097938032183339
39,3704095570,7.448329556286195,3.8830390367574985
40,1006151876,7.725247448391246,4.0748599471512525
41,1829488364,7.885014269808956,4.015049758916293
42,1103118018,7.387301820053247,4.082094776166654
43,1828951258,7.923881363308802,3.9947947436116418
44,2299321259,8.342169544221111,4.059093382987138
45,2441231201,8.071076232305982,4.181723431678957
46,3170512105,6.852727603198782,3.8851250508372863
47,1730541924,6.288201430108261,3.732773135727865
48,1114035056,6.62972014852402,3.990837629567853
49,2720014197,6.671286556647235,3.728288545464344
50,1380078917,7.906705194753806,4.187436805584277
51,1887390452,7.330103936693074,3.997112850868021
52,4108002155,7.384250981205993,3.830465177047719
53,1060668554,7.894103854363573,4.1144932020124845
54,3840869169,7.983415614449293,4.209271422540324
55,2539603725,7.280046618438626,4.052973364847593
56,2442304782,6.976248817426775,4.017247354912302
57,200066829,6.276816975193633,4.004910723389921
58,2148378283,7.951096090686708,3.994744162205933
59,1381671196,7.986396193282308,4.018691111460458
60,1095340536,7.997435433473899,4.017976350753735
61,398131152,6.804606901952725,4.4233975371694765
62,3264978932,6.296885274276149,3.766587367250661
63,3204472167,7.873567270334856,4.26657857901322
64,3062402909,7.621994050619107,4.14866555845666
65,3870702454,7.31544300559419,4.176098779863101
66,3896564969,8.37442991837851,4.130833464706449
67,1645871327,7.570426138319625,3.8664854672795568
68,3925565817,7.689194815359465,3.9335468587045432
69,2170759229,7.134831765744082,4.041898584713869
70,2788528349,7.578616794783669,4.299504284489625
71,2215153516,6.726082777339925,3.912666600943631
72,402523989,7.662775731259719,3.809711404617073
73,3289562482,7.504589518261124,3.778312494674604
74,993394555,7.21091813534201,3.973755552163528
75,2976850765,7.997444191493558,3.7828926955023072
76,1682850665,7.446930936148267,4.070990345120631
77,2763114922,7.477955836674789,4.224874566438168
78,3733544876,7.370604119230863,3.935465726554816
79,3234489701,7.973979277358277,4.059678317227441
80,1046399178,7.1330342719667685,3.911008709209346
81,3829047511,7.871490878194333,3.7233877219524287
82,2359486867,7.581002140394992,3.975504319053932
83,865069950,7.870002945455269,3.907205926686412
84,1833416906,7.411602232628174,3.83732262933808
85,3260960488,8.20342687970059,3.8145012658231674
86,3441116881,7.647775925862718,3.7863347998985657
87,3753613715,7.810640477912631,4.055342971429034
88,177928631,7.558684515875021,3.8688141053917335
89,4135739225,7.540176491874435,3.930578630763151
90,1762027912,7.566419011464706,4.080401960220811
91,1904270196,7.478448338413532,3.8810739059776727
92,940718928,7.462763519935565,4.006053106880218
93,3029167955,7.400574818418091,3.882610932127814
94,3468032341,6.538911026489677,3.6015956759566463
95,1448081953,7.675483394972088,3.900142837742748
96,579459470,7.27388781031643,4.082692006962135
97,82699044,7.549536850720947,3.691135795305943
98,2002122030,7.2081923397235235,3.642177227089068
99,1724567179,6.458277271356335,4.141017459720298
100,1157595916,7.210873963193243,4.041243991277918
102,3362293049,7.684628297997261,4.058946150262044
104,348742929,6.555496830941316,3.933526282993919
106,2374556661,8.067549119283582,4.005390658982818
107,2842709105,6.741654404623522,3.9269278895734425
108,3549161979,6.353641796381472,3.834706275965804
109,1452555764,6.672414868561595,3.7088518678687055
110,2819146349,7.763858750431543,4.021176180709951
111,2318786012,8.406171628099678,4.160749161875995
112,1711930631,7.904441752751341,4.146358831055754
113,1310346718,7.967748536169082,3.970337725362647
114,3452453842,7.420314446248714,3.757616435979189
115,1838464457,6.444109420274008,4.100334945329345
116,3533807592,7.78766604972785,3.6763441484878014
117,2951167051,7.33480165093546,3.915532355513754
118,1497934968,7.486158753762145,3.671637374772931
119,1545837513,6.974499911384076,3.820869912747512
120,2412716526,7.822018999001249,4.041476938441888
121,2298674157,7.023905445849739,3.77561038985274
122,3506926170,7.969067059210651,4.112542152076811
123,4069098061,8.025523636497043,4.101955899608225
124,1506379233,7.969768596589891,4.086910067744299
125,1942988748,8.144117492881144,4.429561073772013
126,1963601913,7.466001700461331,3.931143768928124
127,408967257,7.625169748306827,3.980055226390213
128,1822850038,7.97403144784679,3.748691649447581
129,1437821247,6.993948073428956,3.873314829050053
130,3357695482,7.696630625298005,4.591927277270927
131,1060532313,7.719786641597306,4.0214053253296544
132,943724490,7.596045611653746,3.811656524122954
133,3043294809,8.227186695238782,3.92210866078178
134,3612049856,7.994821380368433,4.123313334919007
135,2675079707,7.376051975395734,3.985292834688633
136,3984163767,7.079901328048597,3.555773067582785
137,2134697000,4.084419756641106,4.084419756641106
138,4250731906,8.312378000857663,3.936282541101709
139,987544292,7.194240560643033,4.281126509621672
140,4026391232,7.5489809504690095,3.967051853188464
141,1088695522,7.892062642995636,3.88150522768574
143,3991005721,7.059866812993836,3.971888431659469
144,1761492502,7.25320067281439,3.9062458042510864
145,1123556411,6.817964794844997,3.700574902498093
146,826824711,6.828889913955338,3.916731853195463
148,1560828340,6.708720082017561,4.1365542345232615
149,2397365139,7.934835038149129,4.051922882113507
150,2774105134,7.484546223303661,3.868835874949336
152,308228517,7.424594948755431,3.933970398710097
153,1643083161,8.070277476970341,4.139556086402899
154,334290435,6.502089092611739,3.868301430480159
155,2333531511,7.226473050044404,3.7561318870889417
156,3392035756,7.699726121180845,4.02794175617622
157,3437461935,7.998831081473004,4.2220572601005175
158,520579518,7.182140920143284,3.9130430663764417
160,272785799,7.937662526490606,4.051831558507845
161,1686389288,7.328063596384018,3.96293421511137
162,4211615439,6.530063928534442,3.667531769766511
163,70214854,6.907103547534355,3.940897350302091
164,1168021938,6.650255214854285,4.125301837871921
165,471903637,8.074518353945829,3.988472818804497
166,1871767977,7.492221295486057,3.957583914374408
167,1526154632,7.667400061394855,3.92157286528061
168,2413176236,8.378812750412955,4.341829841510422
169,192039987,7.256341218459383,3.954920495501235
170,2292204095,7.949506909928973,3.9449939208296687
171,2696622128,7.15805072425588,3.881203060153891
172,481928384,7.786200222636065,4.188369078737481
174,1678076849,6.833813031730716,4.19285493268261
175,370053661,7.369031025875612,3.980362259071792
176,1794346030,7.9256650776066495,4.073109121086451
177,1336976954,6.625247284648571,3.799658158094648
178,2200266312,7.683834748123501,3.878889640244661
180,2333477346,7.115465129821999,4.001435851672099
181,3477990078,7.829515550636278,4.180828749394122
182,396724706,6.7901809267005895,3.780393091515904
183,2461687277,8.103051641768191,4.176638218614011
184,2733440164,7.518570792290169,4.02628925718917
185,1890822437,7.526911764180049,4.041566913564932
186,3512003246,6.790650441784977,3.873773160096165
187,1896354997,7.139960996755341,3.950559757510474
188,2588038141,7.336052347724201,4.044748227354498
189,1861767482,6.87905316486952,3.86359229014484
190,3017936002,6.854065017479251,4.053663626655337
191,3836403514,8.675881127532621,4.426522582054533
192,1770415263,7.261578683436451,3.776869130321317
193,2394345225,8.071647725379885,3.924497915157131
194,2041229468,7.050349671966441,3.9404000882783774
195,3316130924,7.286284583697106,3.994732318244262
196,1593612444,7.334183290632539,3.7308649087178014
197,1620557808,7.4808617964846515,4.011534368009511
198,1852377689,7.688424819613592,3.6541379424832847
199,3482208722,7.529674649566623,4.10071602280528
200,1440768299,6.504625106549462,3.957936388150404
201,802748205,7.6708691774639775,3.9325992253584543
202,2739925272,7.056409718273621,3.81572817193865
203,2146308400,8.106679973357874,3.92053348992984
204,3870273492,6.83400546987981,3.944000791156361
205,1631350938,7.300088331454756,3.8932697452932334
207,1313957126,7.691658755394635,4.0384365989333
208,1091857727,7.744968531731979,3.9529972289583553
209,983504031,7.569991314897641,4.410921127577212
210,2351609522,7.028875814304928,4.083379021740476
211,746461855,7.285261812920032,4.037342153932549
212,1447464089,7.861154629369066,4.001667318500876
213,3538085126,8.908880235148882,4.820235306074033
214,373574366,7.559759223077681,4.157897975647553
215,1710493410,6.820860592657499,3.867586917961724
216,1204359507,7.759731254822752,4.079408259220854
217,1217141098,8.336316236303446,4.016347860703666
218,1011497669,6.895904241731031,4.005758371683878
219,3670092995,7.723568443879701,3.678625765697304
220,609583468,6.785982875075162,3.85553853165362
221,4264683889,7.278956148562257,3.85646011967041
222,360427065,7.339500619817012,3.8049804223291535
223,2422503990,7.236259823470619,4.10377431011971
224,908607262,7.5804641661637024,3.888770715072359
225,3354511550,7.034468053705028,3.881835894652394
226,4060589852,7.0180036494344495,3.9021995063512023
227,678139191,11.065835492844707,4.4350534550638825
228,782651188,7.578275581495725,4.037875199506602
229,972336786,7.902649577491034,4.0674209721424655
230,344766746,7.473984030697753,3.945832357510671
231,594496588,7.692984430641907,3.8904775460771375
232,388650152,7.495721151787566,4.092409790052934
233,1017092387,7.648436676212742,3.860373846542186
234,326891280,6.782660819422773,3.886582147781401
235,3327313154,7.549161023084017,4.048015050723632
236,826730657,7.053016733221907,3.9792779555406
237,909152050,7.686274163838363,4.009997725912577
238,3548675539,6.930997861861294,3.9307127099456447
239,2860715826,7.8045540150566595,4.157580086899961
240,3501955380,7.268696933780713,4.001009145547941
241,1901910719,7.5947543504461725,3.77751825204352
242,389182564,6.731653656474801,3.930927064851205
243,2333670705,7.521870002007728,4.2095865036518765
244,2200670875,7.819771476352452,4.08728241018598
245,3221624404,6.347459181127895,3.932764739586245
246,1814037649,6.775604934629332,3.694632954788909
247,861649027,7.62922485029115,3.969902814938102
248,1221640483,6.894825439077764,3.898037211643491
249,584328521,6.826670099494683,3.996078488836275
250,4177765106,7.829204013165594,3.846464941326601
251,3840308617,7.426262466841401,3.8402335994589936
252,292946269,7.222598213204725,3.915131796811989
253,2593612027,7.778486092873041,4.143805672093304
254,3194463561,7.482451464619772,3.942661413377121
255,985910486,7.653852089103877,4.247696948416688
256,876444031,7.764807421650513,4.066335898259082
257,677581716,8.675900498721994,4.040852098927586
258,2688141773,8.010669129420968,3.908334269551914
259,31361606,8.078620319713435,4.230581778101334
260,756380264,7.731149140285913,4.135734421188374
261,749654008,7.326705943416417,4.103511712892875
262,2490635263,7.582536052014452,3.9157249031495938
263,1705895007,7.605976163992012,4.095327532258537
264,1200684014,7.78925386821609,4.004500778555639
266,1310206420,6.432252237242582,3.835048119171157
267,78982423,7.534030102782439,4.035252810762369
268,2745152671,7.712471161496276,4.004564500654706
269,2108841974,7.528935942843712,4.271805593663408
270,3666908232,8.209959549652453,4.213949017815013
272,55710183,8.026880469923874,3.794948565832053
273,3644730316,7.5296891322207715,3.798322958194239
274,550810566,6.394436494262379,4.004465748627944
275,1240942354,7.969545546776472,4.153479261456424
276,3704894948,7.340771976689398,3.96758478437173
277,2182362214,6.600710469074802,3.819214213855792
278,612700286,7.094914952813226,3.812479232208539
279,1185574887,6.395088794359726,3.8785788726745993
280,1823231434,7.007673300293092,3.5619364809413696
281,845422206,7.490232357724939,3.8453292465194737
282,1830789740,7.03848616627452,3.851810894603106
283,2551635949,6.514434822239294,3.9472235684341768
284,335003211,7.53041332943275,3.941059205175984
285,3345297865,8.200644298252941,4.018711418675618
286,3123429468,7.410041918831244,3.974001115653106
287,355612286,7.600892371318627,4.04177127231268
288,1604268733,7.570062880507302,4.004909793980737
289,4269306166,7.660838534980422,3.911094127159548
290,2398605805,7.285448662050765,4.13087738400096
291,211169351,7.52538178714843,3.800401259833565
292,3032863642,7.888063621315526,4.084563262742274
293,2537779643,7.517400862131847,3.974926137165349
294,1730231179,7.477958024462786,3.876865711890385
295,924815264,6.986087544947713,4.05903810876538
296,2271737742,7.116831539183822,4.032438364619486
297,1908959165,7.314208532221011,3.9236899049850495
298,1997401992,7.2391396788443325,3.9804052429257655
299,3104080596,6.183088602335092,3.5578568198701594
300,1781205887,7.919444646779544,3.97941353628518
301,429608771,7.382556037942442,3.802390438035509
302,1236117854,8.122031696619425,4.598905782708615
303,3117409134,7.042086295786678,3.772559065310357
304,779151395,7.648691496648788,4.074169346397696
305,131655018,7.433992080861707,3.953127527081601
306,3539567950,7.502365901920711,4.040196726028778
307,1977306864,6.474219094785942,3.884064664697154
308,3544869608,6.901368148914084,3.902214199525495
309,610158411,7.908808339807299,4.084148685187776
310,3172989359,8.010231219895369,3.952148216320093
311,1111014310,7.54341242166012,4.214784102275226
312,401879401,7.037135516465019,4.211850129829632
313,3885398873,7.601832041987055,3.996842159822532
314,3915422918,8.080759607419493,4.190749592339028
315,195168692,6.988839055224949,3.8322504794690753
316,3807715038,8.042060490830977,4.120035421761117
317,2823833643,8.112226274233146,4.068561542773778
319,3923883359,7.910478081883277,4.460677357199813
320,1781775187,7.266449406128714,4.000312026865895
321,1804076739,7.502367678669135,4.018135246739625
322,681935372,7.727267462482839,4.222157030103415
323,3569165538,7.240732708008718,4.024529238465006
324,248585929,7.146130031957996,4.005530827279655
325,618085604,6.996603630754837,4.183716089857396
326,2822781649,7.56170145049146,3.900708567821867
327,3323308438,7.4488395735552,3.841007255075152
328,2762202970,8.117045193362575,4.143241891232282
329,661770582,7.830615289856968,4.200444171052732
330,36895554,8.134221211873662,4.183085608190382
331,696727241,7.824155543058427,4.630830268930748
332,2258551019,7.43619092249628,3.902240393904375
334,485017822,7.885277321017854,4.016038194401647
335,2671429330,8.063712731543578,4.00388189480832
336,438637277,8.48638152991261,4.211231146797599
337,4093356685,7.719432135104969,3.9681561383796886
338,673480448,7.641070611419363,4.198298832741532
339,2726208310,6.6590612104360005,4.090733964423505
340,1536441148,7.31488625156299,3.712893490118892
341,2670354621,7.018555446520412,3.883339674911989
342,808687263,8.33695832205336,4.118448743138021
343,3474248854,6.9545546749235045,3.9239874368826655
344,138434806,7.207309804645948,4.399530332755366
345,4187598678,8.379249667954788,4.122631222858148
346,2318003050,8.15434976789129,3.9355782249031033
348,3194237272,7.853482773049501,4.0074563389786695
349,1094939473,7.762877395616464,4.366243688154725
350,2285120424,7.40484687949965,4.092876650092229
351,1910420386,7.8615690008382275,4.110653912510821
352,3678218578,7.482609189247593,3.93598066884917
353,4160147836,7.772324827829916,4.079631586038915
354,443632695,7.364328879933107,3.9597617493438793
355,3621702873,7.776784440263463,4.116536987918261
356,666666729,8.497091123190671,4.109566555822362
357,1547173705,7.794590765478713,3.730222855680488
358,3756388677,7.770917106413797,4.000598904598119
359,1687224870,7.936556876601652,4.015556028770935
360,410808047,7.823845601926688,3.9862695944041127
361,1786222403,8.22679735981829,4.309564669974474
362,2585124211,7.779270540563415,4.152260233157219
363,1697816442,7.910543606731858,4.522477154903189
364,433029449,8.21962535535055,4.3478059010337375
365,1081730904,7.625139536521586,4.257715131532716
366,1786758517,7.807331217099923,3.905008963070517
367,2533255886,7.749948169921861,4.098912467985739
368,467305309,7.138001999579645,3.848262848222928
369,4061437282,7.94381250836565,4.235556053637274
370,1887252222,8.598580614378651,4.07601649821274
371,1201047966,8.154536945998833,4.046124763782001
372,443652258,7.942378138753615,3.7679906232522793
373,335104664,7.900956810806236,3.965406613851226
374,3818082974,7.860832026873922,4.073969995837127
375,3724047858,7.9258176406503,3.912434726678923
376,2051099070,7.775484116837005,4.1824721362429695
377,574930953,6.550516089200321,3.857386318272913
378,1484543503,7.718989625636683,4.134318563308131
379,734794291,6.985986909792198,3.994996674702747
380,624076698,7.877384964523028,3.966673061471288
381,4276974103,7.657915268495956,4.099200669217395
382,1799875502,7.821671508413438,4.196722308647386
383,3769010696,6.987674647613135,3.764382678923053
384,3724155829,7.387644812762193,3.966560145471496
385,4160502168,7.873746440914194,4.394945358005397
386,1934623281,8.16131854339925,4.094590190901108
387,103652366,8.388820046742625,4.298520351798933
388,1752698697,7.229872633280247,3.8254688159981423
389,2026754591,9.025355003385169,4.371910977234666
390,2166835733,8.15150172617389,4.165623998465495
391,1348459455,7.689131558822555,4.037167705154812
392,2932569616,7.255742010539186,3.8526301336636526
393,4016765342,8.018423778282756,4.091153022717124
394,890147203,8.14893420534922,3.822018681395568
395,3445089839,6.221670013292463,4.002946466738891
396,307804547,7.818805615643511,4.066291388254903
397,3926498329,7.784610728835388,4.1449164286346765
398,3346107281,7.315417816626467,3.981186109976578
399,2675724304,6.818079563829791,4.11599783972941
400,2816126335,7.135242691225046,3.9270790735102494
401,3516454823,8.219101249476466,4.133189211944156
402,646773252,7.853602040484485,4.396043804145611
403,2404418579,7.785832563193978,3.96464294408514
404,2175676858,7.340198446801088,4.0049395543942685
405,2017765808,7.489774722350605,3.963370353554752
406,4117238293,7.516026483500516,4.088553523461061
407,221853583,7.260370250254323,3.878340076529941
408,4242587695,7.799137308143732,4.256831240292782
409,3901605230,8.224045030531396,4.13646013767386
410,3866325191,7.63066498027171,4.074834188605686
411,835121147,6.718714416673946,3.764357974618354
412,3147576269,7.52687660886145,3.995916349882954
413,3749102689,7.5959174897777215,4.176510645666074
414,3606976091,7.809992168920725,4.123149448268831
415,3876784770,8.245325649222135,3.989861611522014
416,894197507,7.876466257778108,3.8127886041676704
417,2886590951,7.385871393821256,4.665642342069317
418,4040716945,7.055072145620314,4.026818512657719
419,2338019591,6.293148071313049,3.85841498995106
420,2706712860,7.434380996009683,3.947022142119334
421,1351409340,8.034559963930729,4.137520266233631
422,1735338986,7.532517024602347,4.026079262393071
423,3410573615,7.860258056462705,4.100742607134287
425,3993637691,7.547485316573414,3.86960561778576
426,420900014,7.477002113488677,4.127965173750965
427,856706691,7.243090142163182,3.9587333469757975
428,1819013777,7.196083370370046,3.858618494217773
429,447775004,7.8496856868537535,3.9634704466441417
430,322458406,7.961721261282588,3.959489531536717
431,1630775946,7.841047002230235,4.075218413722514
432,3371160733,7.490066286239835,4.126724894938911
433,3010264843,8.025631640246957,3.7896747124844974
434,2852081635,7.192820656597356,4.091589608680643
435,115784129,7.678715205275868,3.704949382768481
436,392818846,8.248969281328637,3.9510150944596414
437,3870295870,7.824813352979867,3.889264394172384
438,3925151495,7.775599043398136,3.95516374269966
439,1030193285,8.207311993925595,3.8142488915006663
440,865678636,7.303574825267441,4.092438281857313
441,2457761447,7.598020679469198,3.968753967634082
443,2033463791,7.870339482069613,4.078295603295209
444,2047595784,7.601158148923475,3.795201562316825
445,2321665294,7.453213084329452,3.980575793994096
446,1915807892,7.77696056337146,4.178735497911759
447,3608113928,6.753599515664504,4.227514343524933
448,3836020010,7.696176227195233,4.028452811463965
450,3474496151,7.7928522245130045,3.95520116499833
451,486306438,8.036902628531202,4.137472286680144
452,3655426254,8.085040932991548,3.82988405051647
453,793702653,7.745836190572436,4.007741302418546
454,4239005932,8.289351061433068,4.243349013917718
455,982522394,8.163013886361542,4.178533385708208
456,3128815857,7.7743639292899696,4.072472107707944
457,1612290284,7.981149884565198,3.94451438695551
458,920823026,8.00099415840799,4.289971660934714
459,2990984557,6.998247676699345,4.1533254312326
460,1453109530,7.902260671415808,4.197317760473219
461,119126177,8.133666797747303,4.11906974185623
462,2319274290,7.793786286029808,3.905090955494071
463,4026910516,8.121983601664553,4.185267007884009
464,3138616935,7.773148824152384,4.101200211503786
466,1992060521,8.080963768461867,4.248944743942058
467,2308648032,7.512322165998169,3.976756147107647
468,158779019,6.572013690235542,3.798193523552468
469,595113616,7.853888456186527,4.068426862124683
470,1569761975,7.404406843846864,3.803465832907578
471,56162563,7.831971397871836,3.960998114030932
472,3685268115,6.959829798633238,3.775865278019145
473,299894413,7.091321767053848,4.218476978752812
474,1214132906,7.867259346175071,4.067898447055482
475,3761349403,6.541561642177518,3.866319447781327
476,3730474103,7.739637301846319,4.040799770049733
477,2988053796,8.326999132344069,4.09798958474127
478,1616242378,7.824180861595989,4.086896189690875
479,3123810007,8.012026028634352,4.001901279076249
480,764315034,7.231187469469289,4.182537047404272
481,1602583606,8.137777852200447,4.061330889795711
482,2925300630,7.83384469991415,4.031347914896339
483,3696718394,7.676365940804597,3.93438210462348
484,2175309663,6.811520827280313,4.206126049188769
485,2397937510,7.303207110106132,3.659718914527684
486,210534092,7.531025097341795,3.8114578205400496
487,1991567562,7.666284304482399,4.11117902369611
488,3095311898,7.986131163476294,4.132316897643314
489,2626581416,7.288667660609744,3.92405831624862
490,2588125611,7.719275766967955,4.120227566074617
491,4216533717,7.333399428232338,3.8489008221746057
492,1584150953,7.54633309154635,4.0461411162467735
493,1930702369,7.296748167684619,3.9534930218124544
494,1924109233,7.373641952296907,3.941002434480376
495,2705533334,8.371948117708213,4.293127681834915
496,1795409854,7.841856392326665,4.125753374934772
497,2464767924,7.534807637467839,4.027362055586831
498,1216701855,7.277797620323877,4.109787326769371
500,902534154,6.758841424803727,4.125644056666284
501,1228855311,7.65461968953171,4.10469265045781
502,3906575236,7.599720098131708,4.053265382512112
503,1403873511,7.851007328691285,4.20815233072452
504,3498010347,7.518133927755246,3.9653591209498216
505,60021964,8.270073532228896,4.0597705329560005
506,3807880204,8.133122388722363,3.9403160609995154
507,3245954075,7.792159164877211,3.916055918141802
508,1046353426,7.009191636221321,4.321139971041339
509,476252579,7.930628294699239,3.762657796289538
510,974108074,7.1726260917818445,3.982440343917165
511,1827965364,7.891507753062047,3.977517216418837
512,1190308761,7.770629113146011,3.853945493818971
513,2928085046,6.116578395421925,3.93680862391265
514,2939479952,7.627039394994588,3.7100046208937223
515,4190603704,7.747644537901031,3.7123184415695674
516,1743802575,7.111309965175682,4.105886432833221
517,3827457731,8.044374779042428,3.942957482699789
518,2884386695,7.501201637276428,4.135884884292811
519,2465300344,7.216882063822198,3.8491548800570254
520,1860819350,6.50423493513215,3.9072290611384526
521,2423596559,7.829474470555321,3.99349015981833
522,462702505,9.376817414953749,4.114038362561847
523,1638715823,7.928138749107643,3.941553184514065
525,3225665554,7.500622628590984,4.017607104136797
526,3837482902,6.972122741471464,3.9426148034366735
527,3342182273,7.3057340493176435,3.984621792733345
528,2242628840,7.582253485069214,4.147818617496578
529,661364701,7.854633754911625,4.285129297718288
530,4065001465,7.437259095009214,4.207256601713722
531,2906198493,7.681824845899875,4.007907207205758
532,698185794,7.802096291605164,3.9807113772701217
533,2256834144,8.10553623856258,4.192460853833517
534,4240185446,8.063255159345948,4.131965147169858
535,3290096905,6.82593456427577,4.007599988277042
536,1861299663,6.546289450114543,3.8900933528727664
537,1162141764,7.055057719862512,3.959838524064726
538,3227202635,8.016166278768871,4.1983799592149245
539,360338543,7.661603251221889,4.170449388448474
540,809074299,7.452527498525477,4.113069709719501
541,2171240541,7.052885146465026,3.8591626236561134
543,3931419723,7.787584161010361,3.971006036952956
544,3332328549,7.680388471364938,4.212018931446634
545,440314957,7.683774686010448,4.035020804276989
546,3931956861,8.380440259870598,4.987399779003765
547,2311595124,7.947542871806725,4.133055848378686
548,3744667754,8.225259595763209,3.9954380401788017
549,3530244209,7.784833445633943,4.163160928536357
552,2795844072,7.805382085971751,4.013528225123754
553,2385983560,7.727968485224237,4.001585605411962
554,3511452762,7.171599847332782,4.728005740770332
555,2172281415,7.537786466213481,3.776699812173976
556,296947353,7.864378251263218,4.04446580242875
557,1804310687,7.524608908248194,4.3010677872348335
559,1915723430,8.171595741755498,4.191349667758234
560,3279245901,7.59312112333333,4.313548319583963
561,903529086,8.044032933115055,4.381964105419894
562,287967180,7.097491575318418,4.441320771240823
563,277985884,8.400281367150544,3.905851422474424
564,1513930399,7.451793752346971,3.9236619251095743
566,1924569075,8.353173535486771,4.0716405780617135
568,419535935,7.827581459980143,4.188119409274589
569,1607889954,8.14809304014363,4.298184610549808
570,2996472019,8.619065658593525,4.169585623975106
572,3945053428,8.002484689498823,4.313335089882606
573,3809989470,8.026758851666328,4.260360730111032
574,3373396339,7.710676264592472,4.2907097720960845
575,3831608525,6.294777534849482,4.104619715055168
576,657998684,8.257247050053374,4.126167059055622
577,3748226758,7.702087415816778,3.689801492314644
578,924632425,6.393524391317907,3.8973136789769143
579,488302404,6.8459621046697245,3.918165078408348
580,1081366850,7.590093111984014,4.710474339226689
581,1410948099,7.799733139117043,4.0683970390699695
582,182017409,6.609804621572143,4.122442633872726
583,3052691308,7.550945594724372,4.194113950527014
584,2428446542,7.484337359808295,4.047923350147311
585,2254317902,7.271883076915907,4.278237926688696
586,1547321683,8.084068845098313,4.744697578219339
587,1649501759,8.168564437695247,4.875158416302272
588,3565014343,8.38512640806153,4.119323391317173
589,986035435,7.963241853435855,4.114602406261079
590,3319985890,7.32468123415734,4.581096835727517
592,3176046588,7.947474132822639,4.039872294863568
593,1222568744,7.659328108301483,4.1799188828147225
594,3888585994,7.650647992514421,3.818938936956528
595,3275217080,7.675133452769485,4.179871157464339
596,1996891106,7.933521183010144,4.53141422732388
597,2766838213,7.849040036282041,4.169410605073766
598,4122649464,7.867783008384035,4.224877641843097
600,1020132225,7.72904904375996,4.037600633978367
601,3171575673,7.604453824804644,4.189723188168785
602,1638126951,8.587155428612267,4.341038473510104
603,2529143538,8.39723709368617,4.1467325029989
604,3039910629,8.013065842238507,4.371798896522082
605,662466380,7.954470097495277,4.131100407272653
606,2895974122,7.712153177375094,4.375862371050588
607,1564801354,8.105738200497878,4.198913933995152
608,1560233178,7.668863419046072,4.027323953530762
609,2748843731,7.493163934471751,4.226294159457723
610,571955453,6.758305853710442,4.093527909953607
612,51217255,8.06025732419624,4.278871511400186
613,367320913,6.086610809812057,4.316676112529983
614,2322119606,7.844016112372549,4.117289418151753
615,25811472,7.780173847886129,4.095132191755805
616,1968175551,6.313206534741858,4.169947861765979
617,2485879167,7.56801135297871,4.211316950592707
618,3214822644,7.790838860009179,4.290513889264688
619,1819473619,7.90724391216419,4.145122265648901
620,1084860562,7.436899488614999,3.754664842014116
621,2085520575,8.447086436961467,4.239949162069393
622,1924149526,7.726948994409196,3.912363785179556
625,2336714673,7.084983041381952,4.2215434548056345
626,2194652555,7.57581731102162,3.9795379134389353
627,3906186680,7.180325714969055,4.095193181166237
628,3351164964,7.746219446730553,4.022577138021173
629,3481634232,7.720339990021483,4.062912183967574
630,2824389829,8.059610232024225,4.228660544037325
631,628391776,8.12769028119663,4.288668663540797
632,1782265789,8.177211281728274,4.042294231044706
633,3260871738,7.142900962905863,3.9873219970542
634,3753452353,8.189470464486815,4.145028366883848
635,731048453,7.896485072994073,4.658551664082288
636,162526644,7.92660753154542,4.698471533968412
637,2074348568,8.502088568717406,4.806307187313421
638,4136155069,8.307052773876558,4.216487375232593
639,3459140306,6.890383122469516,3.978389040281697
640,4238772277,7.975917775463165,4.020548869499658
641,3743427092,7.562404603567776,3.730922844200181
642,2001714085,8.028385199101244,4.144364498849559
643,3190862186,7.9710238960667645,4.08412801435067
644,941151156,8.309300748887516,4.1442188524202095
645,2311827557,7.929606504160014,4.644770865840268
646,2748158536,7.584825421419936,3.6911902333962536
647,3822559318,7.787124325110864,4.299414538878694
648,3253387239,7.41203510803732,4.516955428503489
649,3719615756,7.321333346788564,3.825911128013648
650,1448457386,7.987868177773469,4.0522856077088045
651,952845911,7.52485362136367,4.035357801096055
652,2333937949,7.4904636773891955,3.87064201315104
653,2828263690,7.925461862965139,4.96592404771676
654,1901159589,7.520810275265114,4.103808584281017
655,2390107820,8.054588091895733,4.153706277835719
656,93800202,7.918579949079135,4.308704430259258
658,2167615125,7.822237521883227,4.092714365014223
659,2918766267,7.842660433982755,4.07498153932949
660,3620213387,7.953971706482109,4.107466580063138
661,2729807028,8.190570730287105,4.10452034610064
662,2253200176,8.387375641070642,4.259744320971239
663,868703738,7.340729955675666,3.932997900260549
664,29811890,8.015212879079117,4.170604651628943
665,1942822174,8.336673904519856,4.228436698860903
666,2933854864,8.177530142456732,4.323863646151541
667,2799972108,7.9528514382978335,4.20671469821597
668,337120853,8.424109212793052,4.2430122415875084
669,409133707,7.693071871952184,3.902414195559084
670,3443753647,7.800054823197968,4.481367288153487
671,3209198339,7.888501035707157,4.638612726373994
673,3438308617,8.0244661643536,4.084444552937247
675,1531930180,7.564147575125061,4.208580338147802
676,834809108,7.632979480827791,3.893359799081736
677,1885577882,6.131754680759984,3.77971770757005
678,199809850,6.603954057436118,3.8137773719443615
679,1050116930,7.553016394297607,4.011822162907438
680,3014879953,8.143107538206836,4.056185771416689
681,334468298,8.020715402547955,3.921436595863407
682,3221434093,7.5832263970701455,3.938835256469394
683,4268231041,7.511325332116313,3.74144327440067
685,3533959599,7.375587136576901,4.058399682994144
686,2272230240,7.674495448697531,4.107425116847553
687,1417920839,7.756491507369398,4.044397049448961
688,4196502261,7.279200579236099,4.397460240675755
689,2880229752,7.739173353640301,4.0660545302632
690,1679688116,6.8683933452114285,3.8817809638929694
692,1001970838,6.304997520913768,3.898962392134051
693,52306425,7.59225017977347,3.855933869064142
694,3289273628,8.045200543500608,4.206125648876693
695,533823633,7.571222213029969,3.949976537694692
696,3917353122,8.039990944405158,4.029969979260927
697,3082686752,7.638411356302103,3.975433028911427
698,3806576780,7.559521597649041,3.980897374089867
699,2564511370,7.208610047281928,3.7708717040083504
700,3573560794,7.402073870431027,4.103612235420159
701,2625808132,7.576077887075057,4.246746081492179
702,894864165,7.743834069681843,3.9734223364345342
703,1000881804,7.957713947496189,4.058205790020738
704,2588900615,7.279962775547485,3.8534776198047815
705,1826680116,7.908079161837387,4.639486089651006
706,1076565274,8.024070085296138,4.090200714986649
707,3419043004,7.438714662835221,4.0103393494178246
709,2161418201,7.941111852572987,4.22457568014999
710,2093758775,7.453024244099802,4.134138187577443
711,1342685465,7.45555304842249,4.089586967793675
712,2691009321,8.355877089371912,4.109028630299677
713,2367528097,7.880190011723835,3.82849000049157
714,3745413288,8.15273753268235,4.079013717525092
715,2885180167,7.449840122796459,3.792741103151364
716,225017631,7.205298934805493,4.146046779806572
717,794058926,7.9531282421547616,3.8881293203220575
718,1161831083,7.366942375271264,4.105298525897501
719,2919917027,8.1837508026265,4.223143382343615
720,3601751755,9.695744046909043,4.091748614744122
721,1433666289,7.730953457493423,4.051950628000211
722,2884173160,7.731514728370447,4.072698943821669
723,808262395,6.025947662129839,3.7174103542944
724,1110356321,7.635225239337072,4.231346231556024
726,154667058,6.842162350615669,3.737406769407248
727,4100540491,7.317905996004912,3.904351910287369
729,4095893651,7.9209357903962685,4.140538822252598
731,385564988,7.86990656526178,4.789545083502455
732,2420532406,8.054718848408294,4.2731091638624665
733,1566869901,7.596903095651824,4.054989609841891
734,3891584278,6.959879657445011,3.916610243493853
735,713088600,6.658680399689263,3.635110163818571
736,1391684772,7.575531542056382,4.180517156269145
738,1196527465,8.473828061812295,4.255111992179843
739,49408975,7.925059136547148,4.111407609293147
740,163259093,8.043676540828876,4.088177049902745
741,1280157702,7.008586714088683,3.8482479675712753
742,1204013299,7.426475178427369,4.190728656392949
743,2066354189,7.903889439424276,4.283639657886186
744,661613686,7.828415634394209,4.215699585456221
745,898340201,7.678639046906849,4.086024068325355
747,1944147637,8.204146173880327,3.992948155039602
748,2808974219,8.110157035884784,3.9552642485400793
749,970890500,6.759981861733396,4.242527243160074
750,3731824395,7.844999794719847,3.8549766440189863
751,3675945478,7.900276797123669,4.111168183648305
753,1485100276,8.125076179528298,4.670461604817186
754,619635668,7.995353350361936,4.21708071544774
756,192413932,8.130505464184965,3.921338745553961
757,2108937486,7.922038814099665,4.624799218938727
758,864032752,3.607279173405576,3.607279173405576
759,97005004,8.051876474457632,4.16147826750253
760,1254730664,7.671642367997959,4.054186099978042
761,1687315516,7.90042087996489,4.22309195231806
763,1479578650,8.237050881231443,4.110402463370424
764,3782270648,7.65698389235221,4.158872819592623
765,113335479,7.526015349348217,3.978325413616716
766,65198031,7.639859753031626,3.9740868099367215
769,2657079253,7.876440424348074,3.8878217806804423
770,674306142,7.909408349900154,3.966798704179932
771,3539717209,6.810396747502874,3.76238301067134
773,3410508529,8.344956498044978,3.9912484409566513
774,978316517,6.950648988574116,4.16568373645421
777,2543780112,7.4853011045420255,3.79352761618214
778,1512563087,7.2704082981905,4.237657893173924
779,2604857252,7.218756472992296,4.22310241197159
780,1334116930,6.305601038902207,3.9977846424885417
781,1161373229,7.834175479655252,4.055757179648269
782,1101490424,8.145196299978455,4.12297976227885
783,1472207263,7.624663886164864,4.011068777966246
784,4199436321,7.5641653651156515,4.0739613502647565
785,2614145086,7.057474938166743,3.978127649573564
786,1637723952,6.527764114263756,3.9710196276060574
787,3691492943,8.203623959223819,4.080699099001755
788,3321849919,7.879141668023744,3.954240922149226
789,2235019065,8.075692358692526,4.0833091346264245
790,2070099435,6.730744456598144,3.7988183020783577
791,340803193,7.488858446329072,3.9064701216295137
792,2876352000,8.164401546198473,4.149265376655365
793,3093541482,7.22494539499946,4.044717992665805
794,2180976537,7.800874723489351,4.201906817332009
795,2170880573,8.133060793656608,4.042035471667118
796,447184381,6.973349718695689,4.55468781402018
797,3458965699,6.662319549085556,3.790118495409977
798,4069824072,8.04481143491759,4.035415042962734
799,2074860152,7.174277135656361,4.022975285128619
800,4290234295,8.41427882500952,4.237747342301315
801,4198853043,7.817190875482054,3.9648663838703246
802,1150278162,7.620312764787916,4.049493627918339
803,1786969075,7.6525830957839025,4.105214977547502
804,2657764686,7.637814632447417,4.041985362568626
805,3140512536,6.832467715883765,3.969911400624917
806,2978762615,7.549013533867765,4.081608434781843
809,3970800099,7.774525615363518,3.850047843714651
810,1489422464,6.941440945583323,4.06079797449866
811,2830121192,7.999632223113299,4.244496347784879
812,3262225790,7.016647145247164,3.894709081912882
813,86226939,7.730895792405113,4.10170697037802
814,2719078954,7.954191388212154,4.109193107565127
815,718830447,7.257789420317728,4.07140791548956
816,4215014897,6.749397126023129,3.9938973769933552
817,708998859,8.30695842457013,4.223113632975692
818,3607981599,6.777998218882323,3.8545503025155305
819,1000393599,8.138474020102603,3.8421301128299263
820,2239217267,8.0492388429545,4.028077777423551
821,754671892,7.377228258218308,3.895828246718412
822,3410682651,7.299758848892009,4.076191447415671
823,3722539437,6.349723047060568,4.270270491161943
824,3620165734,6.881921067671333,3.914379467839835
825,2048917421,6.7198739279478525,3.709313382992069
826,2340561949,7.584877498417881,4.164486674032609
827,451261789,8.279374187549527,4.1669862375034015
828,1228891697,7.50436340970775,4.102529084835993
829,1838048191,8.090236140837723,4.133579190527316
830,2319442352,7.88793468227051,4.029518370368674
831,1307181116,7.775450491611177,3.997007150698437
833,1177503761,7.197149697367649,4.131239586367141
834,2711538206,8.145599100531962,4.17042488809478
835,1346910582,8.159529265600195,4.2623903827559015
836,233205461,7.985366480862658,4.031419824624713
837,3683182920,8.240812629395744,4.124175799176134
838,3450122487,8.095896207604147,4.097077511412561
839,1446259968,8.122160643328417,4.09692178347095
840,372100986,7.672391765571582,4.352699883033149
841,4292903812,7.0584512329374025,3.850096037906958
842,3359871584,8.256679465209693,4.089020575682035
843,1317462,7.517526950955879,4.09172152241974
844,977404127,7.751842533045644,3.983122482416383
845,4006534625,7.445115820111502,3.9952072018835074
846,1525589082,8.890365596666031,4.276240341566095
847,348711479,7.974238327855505,3.9011558925229592
848,3545637731,7.530325264473684,3.877899728482525
849,3647998632,7.284304116054367,4.120262507224553
850,121697273,7.778218975410934,4.194789029407342
851,232853819,7.60040896655503,4.147416907168767
852,4113794425,7.866620228346952,4.259559810185786
853,4118326689,8.280032080640101,4.69515139539907
854,3381441522,7.832382494044591,4.078563380237692
855,2022868892,8.540867268584591,4.34048152362928
856,3892575145,7.161995434344323,3.976333517826974
857,263354790,7.41606564707267,3.81186026146942
858,3445216767,7.436077398345582,3.950449819666095
859,1785444398,6.7722066312770375,3.84129688194502
860,1547584703,7.696329677126819,3.9070102536745255
862,74920331,7.850590939567725,4.14098142619676
863,3917125611,6.962911951029411,4.030689253014355
864,3340851327,8.238728293228192,4.231974470751493
865,2814825506,7.209869695470735,4.108064077345573
866,253771324,8.409872627663905,4.06720798702392
867,2280234873,7.634343994255865,3.981374968193717
868,624204289,7.752666782642344,4.249109504595217
869,3346511370,8.229292087020525,4.290084455124912
870,527463413,7.944297637555777,4.045404734280441
871,3552163094,8.182469670019659,4.113940575428931
872,872953625,7.76992148068963,4.094750662081943
873,2450905343,6.331226445653783,3.7253649962952577
874,1812622069,7.637388145453769,4.132044436033646
875,43606631,7.148996586410495,4.064978181399314
876,2620895813,7.81133354769154,4.115914258637974
877,1365145510,7.892282310853895,4.103531323551328
878,2129564650,7.596130596576853,3.74598656664832
879,851427152,8.031127949502839,3.9614868540961528
880,3506213723,7.3752345038706,4.0186990387870765
881,2981829638,7.615843717035082,4.119216819328931
882,2726043986,6.826903403532288,4.436664664583612
883,4107507507,8.02035554461109,4.115957440348472
884,716537879,8.000674853938142,4.16768676404223
885,860920010,6.936602793286948,3.969120576421968
886,537502840,7.879433204091579,4.123228478629484
888,3809027065,7.114841553734634,4.019174126252797
889,1250648840,6.718986549963234,3.770294967634429
890,2498589740,6.900213645947808,3.88642507191834
891,255246595,6.756563260853516,3.88275680573294
892,860165209,7.872646431005265,4.160600250617334
893,2894537898,6.742891936743152,3.826858682413192
894,3869583798,7.273082926935828,3.806788627526636
895,2151592349,7.871658008958287,3.8116584876162993
896,680441334,7.961538853789456,4.167996117098367
897,1120459625,7.725221407175037,3.909210830321832
898,2776193382,7.970428323399854,4.15440602064045
899,1673549883,8.137506060952726,4.041008826306741
900,818654763,7.746048787945208,3.969409700445153
901,2319858717,8.105690899947497,4.361123137843237
902,1357417369,7.694672331932591,4.249288911646966
903,2165388202,7.958756195209706,4.151154370851632
905,1172262944,7.838981719836725,4.286619594286264
906,2446607895,7.661715383484574,3.913661324737151
907,11407866,8.063943192395183,4.168701011917431
908,3349861642,8.238960902611025,4.063336915017575
910,199547104,6.542335021691577,3.833831407576173
911,3847306693,8.073262258511427,4.064288288848646
912,1303893979,7.082278957809946,4.115290174654475
914,510706202,7.833410878093482,4.110144461449886
915,2649991749,8.166475474044386,4.233930839031621
917,3770031954,8.316419313759072,3.992647257517482
918,2710058273,7.884204906298031,4.1554948584587965
919,2060298621,6.129657864310632,3.808426777874425
920,2896375520,7.944064656510215,3.840095428041758
921,606185341,7.887290288612772,3.8617611610697886
922,2202346713,7.492579381388546,3.979936204058134
923,911677944,7.763735777143099,3.9069987452605406
924,2184988827,6.696704580769765,4.136564303226904
925,3732485344,7.274918306907406,4.025830156127418
926,2610067614,7.672404755398887,4.271122023115903
927,3891810238,8.06011825563809,3.965101865196582
928,2105801105,7.56095589535264,4.075095435760858
929,3117043986,8.099586213863246,3.898845562831837
930,1748232481,7.362710817253984,4.110545287717472
931,2714001943,7.609343844967114,4.2338056033313975
932,2057058534,7.963032627364041,4.176976087072504
933,1877783147,7.889124895166608,4.4558475091063245
934,3793444603,7.74622004764494,4.278028176130838
935,2658232795,7.715602625415816,4.01648523224117
936,1922557027,8.23718273660622,3.999775709505111
937,4284483827,7.710989892822197,3.901182284780892
938,320127697,7.425851528890235,4.2183648072298405
939,906347615,8.456171944899033,4.15484325818804
940,2804514247,7.512970691948778,4.020592624679315
941,3747270459,8.133481395660022,4.228477348972422
942,189913356,8.512704717291856,4.276485725758251
943,2259039644,7.777895798887876,4.013036775794944
944,2424990755,6.5958841860204,4.047779377081877
945,494764211,8.07185765916022,3.9557751272690425
946,1572161461,7.814850766821666,4.676830027338945
947,1145936325,8.016078692378821,4.054269165864027
948,3814863545,7.902145438974607,3.818452763922465
949,80982198,8.304710514785873,4.155068228277433
951,2933325835,8.473474923966425,4.063119703337625
953,3090659941,8.257877683892673,4.715927493789248
954,1744430207,8.722289435076775,4.302597110840239
955,2691116331,6.964051108398561,3.782355675211463
956,3392963865,7.432147030615678,3.85044591337699
957,3245755395,8.173066604593595,3.94899452810532
958,2994983988,7.319624847335724,4.147716189190696
959,1779232530,7.890462169831698,4.212482099618221
960,1382465428,7.210816996797569,4.080018533760375
961,2110496117,7.722772870577791,4.013616699532208
962,578652819,6.239025112071223,4.37647163771619
963,1660839245,7.72261157596817,3.988407321632152
964,1043634177,7.03929499744178,3.99606154127802
965,2240499373,8.165068123165012,3.965905222211922
966,3598760125,7.935971438351103,4.134402499669388
967,3182049011,8.075708605225625,4.343449502598109
968,1764158413,7.648613616902308,4.15305760120254
969,2647545200,7.885694203435396,4.396951794349823
970,2877714252,6.095062082190902,3.764636135225112
971,624155263,6.161112815750503,3.743196200310325
972,3972288841,7.552956005074307,4.21904557253416
973,192271174,7.122820390932776,4.090273868525743
974,3386202055,7.095967156583822,4.022907029113085
975,1467713509,7.669667298792795,4.13579907144585
976,1998578790,7.400738843000209,4.044986443991923
977,3920704580,6.752336003652624,4.14217024616385
978,2670840190,6.50896361572397,3.785172935217335
979,3813030131,7.234704289905828,3.964629303861547
980,2112415953,7.956395095899746,4.389795262707824
981,568769650,7.668708399194488,4.038771190997895
982,25354225,7.088203031152141,4.231363444134879
983,3150163478,8.299057994993785,4.40862564466093
984,3255836650,7.560641441206087,3.852921571789304
985,631348709,8.046735668887363,4.000543888471876
988,473767958,7.313546933734655,4.516600026461608
989,11574123,8.19098998900626,4.4015094226329845
990,1870893305,6.729324873618745,3.7575464702958583
991,1615516059,7.552259242450301,3.9290572234220846
992,1152449741,7.882096800751414,4.06813850571938
993,2100052286,7.566490835978451,4.2506339765821
995,3376877661,7.671657500433419,4.076472260065367
996,415148142,7.397056728115501,4.02377404856472
997,787911250,8.20794986192598,4.059537207537157
998,2499963942,6.704542035981257,3.904258985610011
999,3373021317,7.819313860478526,4.2544291536785375
1000,306816217,7.849603104653424,4.049954452887322
1003,975856179,6.7852829148074445,3.9961215921915967
1004,526023406,7.593128177627742,3.9859409225088505
1005,646981992,7.848907959679994,4.211774580255775
1006,3549674509,8.37794176560543,4.003289868113279
1007,4093108110,6.727002823151941,3.72026294568582
1008,336426329,7.0381545235308165,3.858681347409724
1009,1299596535,7.78102377269169,4.149421678515953
1010,3930335526,7.803760898433029,4.1847316322066925
1011,3692156343,8.03499980921363,4.275927261481584
1012,2470886822,8.253000186276296,4.254403012217157
1013,1137076695,7.445322136154415,3.975971353956496
1014,1068261111,7.873411125838191,4.038234195465747
1015,3076915122,8.09481529915163,4.108899546331772
1016,3711850368,6.965625332474467,3.8755946224513047
1017,3185171421,8.33966497087683,4.387695583127663
1018,1516788178,7.901574901009453,4.03641241762415
1019,835001493,7.570930408129479,4.148869227036815
1020,3846816171,7.865655259159589,4.088958694058635
1021,4133213633,7.813808988281215,4.245296220395913
1022,375434957,7.807901853498454,4.101682799828746
1023,1496827612,8.12925806061034,4.011687912834278
1024,962036104,7.380739184899494,4.016801994836999
1025,2718695342,6.885361946316135,4.291883823986901
1027,1873729948,7.354657053350917,3.865767736595836
1029,1481550494,7.01025244734404,3.64125173856265
1030,1614363829,7.66975019025741,3.945774998572449
1031,2982184070,7.273356607592545,4.034171999921565
1032,754064811,7.653689547974356,4.101274283095011
1033,1513736265,8.210340867725833,4.272997984331332
1034,2047559103,6.751875434674357,3.564997179299759
1035,831081379,7.828078596857549,4.146199850640983
1036,130118047,8.098460606103101,4.115946528929111
1037,1671345251,8.214260725034245,4.170552181341245
1038,881641391,7.447858485164406,4.075966815170899
1039,3758103185,7.074822262642961,4.446633411878247
1040,4174857942,8.171905740961536,4.241250769849692
1041,3712060241,8.179858014741988,4.511674265595915
1042,1605617010,7.324605858153143,3.852382492341985
1043,905292781,7.775018646047705,4.642387992303593
1044,1207361199,8.35652191417861,4.326381665242458
1045,2589790495,7.045228417120049,3.775385281757704
1046,486404664,7.744465447717714,3.9617903722417336
1047,3524638841,7.702357633640086,4.207260275186712
1048,699288066,8.141137891099337,4.194009465278278
1049,1238240598,7.36432587734253,3.941920100864405
1050,361460013,7.097278243577063,3.9278878176047622
1051,2715820110,8.433178291520093,4.032833198291007
1052,2544376434,7.6048163737177825,4.200566324520628
1053,283366029,8.372594047021964,4.19343150899703
1057,2893679025,7.705439472146865,4.671972096609087
1058,2425606479,7.595593371985186,4.140034596373733
1059,620265516,7.324599297840399,3.872050139364799
1060,3815131512,7.711992561699491,4.014623037620112
1061,2263443077,8.186315206092083,4.030375481590006
1062,803514179,7.693194680178053,4.225946208264652
1063,2269734277,8.579556335619362,5.08716081442423
1064,2586296094,7.407296570084333,4.166770510581216
1065,1037644062,6.914230419897392,3.940281399919461
1066,3914722336,8.037863162387472,3.9609167551689297
1067,3902996821,7.049324039485414,4.0677997579388085
1068,629271662,7.740825612099488,4.073883802866539
1069,3245338991,7.512601700348753,3.8770783726661353
1070,1521763392,7.654736629409369,3.99455033079576
1071,4172833860,8.056553982427365,4.240048129144125
1072,579934409,8.399524883483867,4.168735792952267
1073,37329051,8.373254955746605,4.368229896136248
1074,3112586807,7.226026223123345,3.964418575636857
1075,1905979097,7.381881308794812,3.9690020473695857
1076,3851803705,8.11091936904123,4.04449948785557
1077,1512440794,8.09906697968093,4.339823249899441
1079,2758762405,6.395898132709495,3.707347683256019
1080,1594198178,7.508059010122712,3.865835597006261
1081,1592697722,8.147620340745078,4.669301300243798
1082,4080403633,7.823868509078154,4.0955731244055
1084,2403464508,7.462767914913847,4.661154827329133
1085,4020664673,7.718842623222651,4.10116148713967
1086,831211165,7.8375783308771005,3.796704582934382
1087,3498378981,6.991144390372612,3.971354600739223
1088,3133368442,7.67978360711345,3.9568648616016033
1089,2901356997,7.3267292189589215,3.875189937305545
1090,3867546625,7.340192326460468,4.343263715221897
1091,1613166374,8.12792828198394,4.280765919166608
1092,3022646611,7.792075686866645,4.0336188787309855
1093,3882431387,7.966554758514566,4.120703128084607
1094,3859141450,7.133305722236757,4.007387277287213
1095,3212763876,8.037408247693264,4.068199374592926
1096,1854364375,8.115910020750931,4.015884569680872
1097,2967555571,7.846984845891551,4.273448750744018
1098,947782339,6.919825120567539,3.903857308008326
1099,3909015218,8.161280637362058,4.635647215885924
1100,471230479,7.57406065747198,4.758294488012652
1101,1084225445,6.858699642466287,4.165410927027137
1102,1164794273,7.282575135963813,4.063526470754311
1103,1394077291,7.953154957255471,4.24741964105444
1104,562992781,7.234494521861417,4.151237287338044
1105,292969238,7.116943307589184,4.014554355810096
1106,1299713973,7.435504031021588,4.0219572419760725
1107,823277717,8.798321530448808,4.767643219661307
1108,1654523276,7.962976975635461,4.042098262322675
1109,1125207511,7.816441361247264,4.361255607943549
1111,3467479455,7.653504872149154,4.206882246483996
1112,759622826,8.373237161873769,4.301544547285447
1113,3625162682,7.349201114629646,4.6757467387099245
1114,3410668296,8.091055310841098,4.016204068151298
1115,3428149887,7.500984611459667,4.146767115034847
1117,3566300931,6.774282380004119,4.039923719267888
1118,3675176980,7.692312392495489,3.966673174699203
1119,1457842729,3.888093462111993,3.888093462111993
1121,2511291760,7.775624522737677,4.266829163955045
1123,1378634377,7.814579942225517,4.201696125776505
1124,32938469,7.463478117755569,4.695425254495363
1126,706517651,7.811041700507593,4.585812620912798
1128,733780371,8.137524857671359,4.221000339149984
1130,1904603550,8.058984122516863,4.628145350052212
1131,3010354631,7.002258352738091,3.934922922649642
1132,3055237322,7.950258214628876,4.17879121930365
1133,1585331466,8.342152837237538,3.933842397617704
1134,2871739930,8.328247564414031,4.109097212913464
1135,1044438549,7.425268221886413,4.121580943721383
1137,2753998487,7.522917247550326,4.243646359183575
1138,273547252,7.647117558486554,4.676303971231685
1139,3249817543,7.069701599579616,4.056842389224971
1140,2139026534,7.406802779996457,4.136337682438662
1141,1438348583,7.259917915356239,4.222507636728317
1143,2462036439,8.195322412761229,4.497704378255792
1144,1340072536,8.088441849640695,4.803000991765591
1145,2192302358,7.3438814648840784,4.096588793030014
1147,3561979823,7.922062267168894,4.211478505786642
1148,3340124957,8.179772678255336,4.161654172349743
1149,176129790,7.387960964743192,3.9741268571674015
1150,194293030,8.398859797157362,3.9861407098849377
1151,950661655,7.833494780851938,4.001394888665278
1152,2305221381,12.252720316930636,3.791045469529057
1153,4193918219,7.8360070443409695,4.045378232052747
1155,2402029124,6.915028029614553,4.167273572441491
1156,1965701522,8.002749046174825,4.747744754738705
1157,517593246,7.03312974887605,4.045164597305464
1158,3236504015,7.034857755541977,3.879867054181011
1159,1836756700,7.932763916255245,4.141789591459663
1160,105914514,6.789313714137629,4.034675804236292
1161,2225237681,7.140893060110281,3.4677200003942543
1162,3567315418,7.679415234823057,4.261615023920661
1163,1876155559,8.089001166231073,3.976375350325595
1164,254383703,7.00066714700215,4.0012751536004565
1165,1007995238,7.569350765251332,4.1604122190146295
1166,307169010,8.27271300470613,4.105793411474126
1167,500214245,8.211058315320225,4.201234563630612
1168,3213518740,8.2252883697083,4.155722044053533
1169,84407714,7.827700790557079,4.098432903473744
1170,725744795,6.868117552704002,4.199095619661461
1171,4031942322,8.231180908702507,4.113523109415671
1172,3492490140,7.887591752031147,4.193177580156726
1173,1630871538,6.478851436879712,4.419842643284504
1174,1412450749,7.836187314546056,4.377119428521014
1175,1293529777,8.110900428416892,4.074616861444055
1176,4090691856,6.879484356319744,3.8670511343621854
1177,4144391965,7.368561699982158,4.059921079654548
1178,1057423710,6.919142646326881,3.925716010542324
1179,3778541583,7.783142729257932,4.010380985334339
1180,1065666069,7.285310450352761,3.583421573811891
1181,2646855369,7.989989271013276,3.971961825155516
1182,276761217,7.595037959315978,4.09362979705518
1183,52835891,8.371725608175238,4.231048761864266
1184,1070737504,7.719322173917257,3.971504216971872
1186,1198356813,7.51521914116445,3.9889934370786495
1187,3762475569,7.998666004401813,4.050119182882487
1188,2934644075,8.54653716248422,4.244765262890379
1189,362293270,7.987638640634329,4.177609254345959
1190,1738235220,7.55080504927901,4.084975967438639
1191,2780566236,8.102909290455896,4.315320146046696
1192,2944925114,7.835253013447081,4.793364921437044
1193,1296243384,6.653224293937856,3.8224219433576727
1194,3880233477,7.334044407557688,3.7581505257915775
1195,1697787695,8.830914309172309,4.254625394942064
1196,1400509715,8.0401320137466,4.215246324790248
1197,1860870575,8.009746423692475,4.098038920095606
1198,3921457149,7.215149998543664,3.767828760660597
1199,3670726676,6.659127148633336,3.9422934064992674
1201,1857834970,8.11722776297417,4.245046384242658
1202,4106746357,8.154410222785522,4.142499663608145
1203,3443950251,7.122688134412006,3.878967450929638
1204,482294424,7.153030738221918,3.833460837619387
1205,1453143940,7.80530092231109,4.049155903226528
1206,3830031504,7.854505184721396,4.182384126523584
1207,2639722173,8.072289667879575,4.0556383024338905
1208,4063155703,7.982457648825,4.132700680554402
1210,1120275692,7.738239719688537,4.087840794737945
1211,3932933674,8.04169285864735,3.886134565242757
1212,2689188662,7.633211900632975,4.159616499484453
1213,3743186010,7.712329517227368,4.128020855674271
1214,1621617031,7.309343165949017,3.9307750733504543
1215,1169616649,8.005469334847351,4.30199414315369
1216,2791148092,8.049935721341615,3.956862465309289
1217,198051119,7.780719422307475,4.128636717280801
1218,417075525,7.819847436360439,3.735005616776309
1220,919679140,7.668202587218981,4.049219999357876
1221,1695950181,8.372792859246557,4.389720324018004
1222,3035602262,6.856108657024434,3.919389740470104
1223,3090132303,7.28530682480693,3.913201161471416
1224,443900734,7.994264560991081,4.210226045849283
1225,3856077977,6.668930543279943,3.7923606852601033
1226,2518846638,8.357269930024568,4.258098417458365
1227,880296671,7.703897496223274,4.025812302729822
1228,363441871,7.570765734403918,3.9516331081807703
1229,4163093414,8.035179768400944,4.273761322224979
1230,1477683629,8.685856901611578,4.361460906230916
1231,2741286919,7.878003806577375,4.05243721630258
1232,2897082725,7.066638605253074,3.909165221997847
1233,3985888022,7.511219959877117,3.93638162809224
1234,1133357643,8.112774993184463,4.422768666203044
1235,1235977088,8.190858457187831,4.143114739944978
1236,688334597,8.161483014275769,4.063933172323644
1237,1829191843,7.336518417980389,4.268202530430214
1238,4137147732,7.956067864284272,4.043579223631663
1239,1134044888,8.041836279597133,4.210309177276267
1240,3535052608,8.462718460803838,4.070793184289127
1241,2404507707,7.251281560038197,4.132775767272995
1242,4190952364,7.065299703055392,3.793867588355192
1243,2970389523,8.06773537798093,4.063617443416979
1244,2435041096,7.528349429607228,4.053167099958564
1245,863570233,6.878727800518087,3.88451738678487
1246,3220670955,6.90030914652807,4.129356128247942
1247,1469221931,7.700183681761832,3.839702117073055
1248,71851847,8.31602782401702,4.23297248440674
1249,3816691265,7.843353610589306,4.160591235417413
1250,1636587618,7.996713329221433,4.470000357354171
1251,2449123338,7.150579979620194,4.209235918558834
1252,8454119,7.826054347013093,4.050111082473142
1253,3192540230,7.409911849897279,4.033197047912942
1254,2286509730,7.844536617506125,4.286925723121305
1256,2758144993,8.683403821389868,4.324998425892678
1257,1137996270,8.222002413474502,4.290671573686378
1258,4083828352,8.249384384045126,4.306229839131753
1259,1654119012,6.384325968180262,3.7510159408001886
1260,4040147816,7.970854711338119,3.8974871105928495
1261,235478560,7.061887130408776,3.896869474676749
1262,3978744570,7.4855850255116305,3.9727507134164894
1263,4269796936,8.634997188068786,4.404733064067373
1264,3264624310,7.579880660059257,4.4188613918094495
1265,1494969836,7.564890166974613,4.026471830876526
1266,2392768937,7.2313787953772435,4.044341442873561
1267,1586254402,6.979475455099268,3.952679086502033
1268,1590131354,7.677258390458567,4.095005356427912
1269,3470362520,7.809707263920878,4.041602735649747
1270,3614947229,7.2140433642354145,3.925354680046844
1271,597625120,8.16116589323425,4.1364070766506185
1272,1533767893,6.881646096798807,3.963823255378409
1273,765502775,7.859460207155623,4.303983479610071
1274,465465726,7.945681493088358,4.13380520527145
1275,1466472141,7.680577079480254,3.954246545636024
1276,310631091,7.895923109518731,3.730869500346676
1277,3572235922,7.553486596557209,4.126529111634031
1278,2180799847,8.520775225530821,4.063879190563684
1279,4259136159,7.322668893818088,3.803457982534484
1280,443334800,7.010670224886218,4.181223077202534
1281,2408914693,8.172948344444396,4.186948663370375
1282,2991801804,7.589290512532635,3.826662285589599
1283,2710418039,8.149351814279221,4.716795574892792
1285,1761473096,6.607046801681377,3.683980696317912
1286,1858784998,7.830587550235815,3.872103157752637
1289,1708583305,6.960448464764527,3.87063685435177
1290,3726776317,6.681910255697118,4.020286469607501
1291,2680509132,8.05531004735151,4.265697817687307
1292,3219790231,7.816348823548747,3.863590610223274
1293,250211156,7.518287977214976,4.159261923810155
1294,4285804772,7.8687237858796095,4.1391298597866655
1295,1459501611,8.100084389180358,4.1074790935052885
1296,2933490015,7.678630631589312,3.846926257912792
1297,3298815936,8.272165891610387,4.695457174398552
1298,2171168019,7.552666703657247,3.951253345314923
1299,741738961,8.457717786900401,3.9795918534299246
1300,107578676,8.273362273637098,4.22371542663363
1301,669437295,8.42598830827539,4.292450634706734
1302,4083814481,7.894186201582354,3.9985246317666414
1303,349934174,6.68888388319827,4.145933175895251
1304,1580563603,7.109077896714372,4.120791075834431
1305,2939120682,7.874057129762859,4.884506246090286
1306,4187823334,7.663480079669183,4.049415229423513
1307,1648798153,7.6814638042817585,4.0271556416474
1308,3635306093,6.743756465522589,3.700946399059176
1309,1139941451,7.403096294453985,4.0746504819723
1310,699682516,7.093886276445279,3.9149012961009935
1311,536638696,7.440292641994825,3.802370810105222
1312,1440643572,7.81460143441347,4.12521061063937
1313,2709385105,7.965183668360466,4.213929585896838
1314,523278137,8.606136054732385,4.216878530077972
1315,1767985023,8.535785029404149,4.179953159944096
1316,3996598573,7.071164894271943,3.93777678400642
1317,3236644272,7.708352190426803,4.041587132688374
1318,342333582,6.321837773810325,3.865535359892472
1319,4039829353,7.741254744346506,4.034366853661878
1320,4196412787,8.031420553650053,4.010876833962176
1322,3744541693,8.458981167719553,4.394104630215533
1323,3218515872,7.314217841532199,3.997366953006612
1325,1789695979,7.784696614564783,4.074562354023861
1326,3733778000,7.8640473624214495,4.239456954345281
1327,1794800030,7.192511004996414,3.951992079189679
1328,4113417726,7.708378408393024,4.061196488980668
1329,2112119995,8.111713757679222,3.9301782036734103
1330,782547571,8.320884398156497,4.205800880555891
1331,2209414761,7.251783665250678,3.944405185539226
1332,2262929710,7.6724964205267,4.0642916289282125
1333,2435244873,8.070475888453686,4.091348912811578
1335,3374628517,7.630411762736381,4.088599504499649
1336,4285301913,7.901855441262378,4.068754250563174
1337,1161329133,8.308713901197695,4.919300899968395
1338,265721632,7.2044028067534285,3.889485215667952
1339,2979786632,7.379634715496023,4.072797802490262
1340,448304956,7.415223602824732,3.98487210515618
1341,524958008,7.875121317135785,3.9062271290702832
1342,3081556774,6.863852907379782,3.8657975594450233
1343,1607063270,7.733011836454822,4.257663109180578
1344,4172321775,8.205407475085206,3.923386810242385
1345,3176914833,8.335044610155084,4.346697831107001
1346,4182146714,7.056418449672176,3.927436514537032
1347,3165713481,7.833197384427855,3.949744905604319
1348,768254884,6.842733849366714,3.945168558451917
1349,1579351358,7.31127949988761,4.060108077472428
1350,2180081033,7.590421909626469,4.043048634177966
1351,1279886614,7.765846971256559,4.5938768838381705
1352,1304389731,7.3780778532927265,3.858992795606345
1353,3216964316,6.356243992121046,4.00988637268779
1355,3338094212,8.166235859710765,4.095427176996302
1357,4196310650,7.947201374314452,4.084766730386553
1358,2818302209,7.835488689716913,4.172320542725558
1359,1457648056,7.416986602734978,4.1543676756898185
1360,3451752350,8.099546105616172,3.885415190825278
1361,1393778620,7.751689574851938,4.084621978040789
1362,3030572467,8.383907090114564,3.963783630565803
1363,2742726803,6.886072036030235,3.7150070281819056
1364,2507776631,7.478625509032192,4.187140126504857
1366,2625488221,7.394896802631193,4.094823748771505
1367,2344269626,7.406362622141671,3.9794004051841583
1368,3535898260,8.024420590473838,4.182699463746397
1369,893070403,7.524213289970268,4.1816928190007365
1370,1892704317,8.034273277774563,3.9207094686939463
1371,2539774514,7.273233635104851,3.977539885243588
1372,1184389633,8.086250270410854,3.983438115465472
1373,765941980,7.878308406368999,4.174734122902934
1374,1048162151,7.976699818099266,4.10913477470274
1375,3694822252,7.9471915002525,4.205570581124246
1376,1736791488,7.8628515131220595,4.141587303545833
1377,762034957,7.992947531437514,4.844465862832227
1378,1753282419,8.153241833232858,4.155344199858154
1379,37835493,7.644397838902256,4.088913681035416
1380,2058693392,6.940394902214366,3.8584446061400057
1381,3777345255,7.5897550396818545,4.015084737195233
1382,1337936015,8.292538030173047,4.209511854337655
1383,3447842173,7.057348416540816,3.905649493519154
1384,2365721251,7.677883576239703,3.989169141620196
1385,2010454025,7.841456402899164,3.873432668068509
1386,3917203499,7.419580604636667,3.980126124872701
1387,2422512134,7.83972302865884,3.947144468018636
1388,3744723479,7.982136569849526,4.15178784094033
1389,248138276,6.979025962434172,3.913393761205035
1390,2851612661,8.258936011166856,4.039107896673911
1391,496203414,7.360378256621207,4.081999201808415
1392,2740569399,7.041387366682739,3.925740649344079
1393,1156073272,8.027050331505578,4.263223136367474
1394,1643725238,7.172819578809356,4.100621566927545
1395,1476023122,7.715100972267697,4.049216586674556
1396,3377759088,7.868304844807221,4.134435587436792
1397,2248403809,7.781889468478805,4.04499013555483
1398,1852239521,7.731502659941559,4.121804859682022
1399,676758900,7.553766529767374,3.868936073275382
1400,1841154314,8.012548731463966,4.307318213364129
1401,3778234840,6.786511879309128,4.222168667096862
1402,1510691965,7.449344213069605,4.249234568649141
1403,3091757174,7.075973286090052,3.862753536821592
1404,3716972371,7.234788018372438,4.1988178929345095
1405,228519096,6.798255316689708,4.2870024409664165
1406,766617571,8.129440992839548,4.135676824152062
1407,4232585168,8.158737169489378,4.2454296608665
1409,1960268000,7.816628984869252,3.664763597369482
1410,4085341874,7.453721088102137,4.058790679474574
1411,500081009,8.00465846432531,4.139480221091266
1412,1039936647,6.6393138349895295,3.863929003645407
1413,3880738222,7.645711375907618,4.208831873335888
1414,1790488894,8.052960282703387,4.117250517877015
1415,2289849916,7.854211657331628,3.731064944915486
1416,1506723543,3.510738976741413,3.858994941133109
1418,405373926,8.411121513779825,3.986358863051427
1419,1569318720,6.921279995365628,4.086486189061529
1420,2023285198,7.538638348021216,3.8685438984652047
1421,1332795634,8.331806768345768,4.135042829570787
1422,432187454,7.902716340815133,3.956741043635258
1424,1773584299,7.897587988212809,4.17312865928031
1425,1778227059,8.009881095777919,4.209858374848573
1426,1742732745,8.308351635572281,4.147144641429812
1427,2154725318,6.658822083587268,3.8323778409897895
1428,771616981,8.324353563450847,4.202535172913258
1429,3706183788,7.47239265545095,3.94548943713344
1430,460925240,6.920532717420759,4.0092961370111615
1431,3277181789,7.953125600258825,4.138044322363534
1432,2000585278,7.934100554101334,3.911713264889164
1433,1485727346,7.723402384065566,4.19208710142218
1434,190100766,7.24703110925994,3.8851982679201216
1435,3495559578,7.692871184797282,4.02603445497674
1436,566745642,7.038860637290996,3.96302645269436
1437,3800855923,7.472831591916527,3.958484872629831
1438,261887422,8.075091365801647,4.364074019832531
1439,2087996196,7.239717618550351,3.937129648606041
1440,1105526680,7.964073190652723,4.015022981379444
1441,915599319,7.113340372588333,4.505585994460537
1442,3266753211,8.4987975434232,4.076124888250044
1443,3343129791,8.096176399453187,4.091205079799445
1444,1696518862,6.116144622597133,3.911781300654025
1445,3288745244,7.007066650814492,4.15784528793236
1446,2762662297,7.968999909197026,3.921997790455273
1447,3241674953,7.82764646650756,4.084863401954947
1448,3293621097,8.102475193099876,4.237243076598948
1451,1762102677,7.642530240674699,4.1314045002501
1452,2929280193,7.792725342630261,4.203401994592603
1453,2755175939,8.293227681187819,4.386823708341376
1454,1735315447,7.263807032827694,3.897697335868479
1455,2781760374,6.440750492967104,4.0655636882481865
1456,1636295669,8.413461952941912,4.148418762083907
1457,951581315,7.950778685938816,4.155088718232745
1458,2103228157,8.130978830640926,4.878303221989296
1462,2179545776,4.06406288542082,4.06406288542082
1463,2180316189,8.238232924454303,4.833392416173978
1464,3235320003,7.702751553576832,4.569386025546852
1465,3185151244,8.162795363296086,4.236822406927728
1466,1308201745,8.354961116572467,4.906546022807325
1467,1025031408,8.039897044478442,4.08275401648832
1468,3148192122,6.663466289049467,4.275011307230963
1469,965145125,7.90628130913816,4.0371886728773365
1470,3867430894,7.221313767765586,4.101369108814182
1471,309129555,7.770968951560268,4.130251367328301
1472,498628252,6.355434901965651,3.909680411308505
1473,3661330789,8.080946446683056,4.276590756271414
1477,2622601913,7.796789746476359,4.113051739593881
1479,1492693407,7.54919546616185,4.239362897011646
1482,1027389114,8.82005477766809,4.375866888438646
1483,2486269820,8.204021731201225,3.995533633194919
1484,1170788175,8.461752452997223,3.946164089056488
1485,2721211800,7.617566794727172,3.913762698506938
1486,747098283,6.443481732048514,4.187672610791424
1487,3995554858,8.448164314341794,4.245734102937512
1488,3247943782,7.596339936815933,3.835693835322832
1490,2131488178,7.682763739043256,3.966755272337634
1491,3763213896,6.804244223058149,4.154295112272797
1492,351109165,7.813452712787543,4.541404775042642
1493,2694518755,8.039004286686634,4.171333549071551
1494,2222241318,7.627383910505556,4.0827772956183415
1495,1220374725,7.983047474216737,3.95653786355152
1496,2864018454,7.422834470482488,3.853596921857322
1497,396928608,7.479543738315672,3.928178130778168
1498,725712542,7.732627946596472,4.1178833286151
1499,4288368085,7.723505280308607,4.100360516994336
1500,2437115295,7.550999776832772,4.050078115756965
1501,2972126748,7.644063844737965,4.066792209596173
1502,3439727076,6.89410061831978,4.02861933687442
1504,867458668,7.8797373807095665,3.969038644136903
1505,634597131,6.515005684509488,4.07732242867795
1506,915920148,7.92012720432831,4.2746593122406615
1507,194324018,6.735796583234826,3.909943630623179
1508,2785454369,7.725199979259614,4.079774759607506
1509,3038035275,7.442911147968676,4.104593116362281
1510,1386561348,8.064214556379241,4.011766663439664
1511,1150591062,7.871566320965041,4.087440950153557
1512,3746502009,7.9617694809349,3.917053469978349
1513,2613113832,7.845799020060103,4.103935369283605
1514,2906925573,8.156834527552096,4.0550444189689765
1515,408837402,7.604824617226561,4.151908370202914
1516,1023701836,7.94865608658236,4.127743118474652
1517,1197045954,6.825630647394797,4.067022258578224
1518,2247752771,7.217452164393658,4.064353692146692
1520,4137052624,8.21451592443758,4.226640657223621
1521,3059148008,8.211101072546594,4.195583726914836
1522,3231527178,7.545942224654253,4.804552413875732
1524,3234586495,7.6900412871852515,4.289732448857715
1525,3605497536,7.727682524197514,4.1073720181947
1527,1779531630,7.990381947711227,4.156235274574005
1528,1989985299,7.846057135795085,4.010361997119272
1529,969649154,7.842932079306452,4.03122775069294
1530,377178190,8.008672905573746,4.157767336754891
1531,2295699564,7.922243939836367,3.993683967222582
1532,3982145425,7.55692362607892,3.88938865528336
1533,714036765,7.97083092159459,4.231361893216526
1534,2840008346,7.107617859850729,3.844596802967229
1535,2905849066,8.517855734116424,4.386010929614471
1537,2433433960,8.103065064268733,3.9287106254469526
1538,1991951207,7.301052091040665,4.224555397512267
1539,2791617373,7.796630976452215,4.0495765527772
1540,3808965674,6.744114434524739,4.068190160755639
1541,2293300734,8.101292572345093,4.125702201777974
1542,4099736023,7.701323597199068,4.08735202033042
1543,16684978,8.122893285497724,4.306273554490258
1544,2788824854,6.810170299146027,4.170273069726718
1545,1908390739,7.532804583968959,4.010063867849696
1546,2469426313,7.669526708874378,3.9096150098654494
1547,1120521402,8.231484463657587,4.189927572689557
1548,3604691191,7.874911181885323,4.041688247311204
1549,2556918590,7.657430573483365,3.992933777118992
1550,4067048825,6.839583452662646,4.014821347427275
1551,1238756309,7.168506954434543,3.984866329543339
1552,3091738725,7.546181528536523,4.094193899971635
1553,3703469018,7.455154448785258,4.529610490147522
1554,3653965527,8.25354137858299,4.117602457077154
1555,1413282375,7.862411920102904,4.219264676316905
1556,2240703148,7.140259712133561,4.097117881140845
1557,3016118416,7.879173343639689,4.0492973290755865
1558,1113295648,7.885870725553009,3.971447882108033
1559,352505908,7.6187586223773565,3.918257560499757
1560,530789110,7.548573099441416,3.9455696337439874
1561,984757368,8.149393066661933,4.232994645140986
1562,3250922962,7.1834853891486645,4.476209841321418
1563,3100094802,8.336303458863897,4.270941427410135
1564,2832458131,7.53987382195853,4.115562338620107
1565,2734016600,7.586751938400434,4.025356645624669
1566,3511384247,7.721652819732093,4.189756989032329
1567,383103459,7.956180019082734,4.08664400911247
1568,2739408373,8.150253203212356,3.851621166690786
1570,3818720350,7.243806848298819,4.016472040776926
1571,4083266820,7.151195580382425,4.031880175967816
1572,1303822344,8.165945299375444,4.1250855123555965
1573,3109977781,7.353284112147838,3.7957214822550407
1574,1592786106,7.537232918685704,4.34455814357866
1575,2943493898,7.64191403055255,3.974634723925469
1576,3615907583,8.141314859722737,4.239323816170364
1577,2555837927,7.896519937797238,4.205687969100206
1578,3297348664,7.6892549661768195,4.189633721506901
1579,2947976933,7.042297116307339,3.6620423917230034
1580,233932345,8.38665091125072,3.9908273640930783
1581,2070724014,7.019297526263097,3.90934527391373
1582,2654954754,7.382292332869258,3.923392089663145
1583,1402618672,7.414132023026608,4.5204636896838135
1584,413107749,7.79579126436284,4.122061799127435
1585,3669543341,6.436371488283081,3.6757527422404186
1586,956032422,6.423499046583023,3.994519330022914
1587,324718088,8.593257296503866,4.422823700678384
1588,375686109,7.659987525304533,4.017502909026599
1589,1248515966,8.268139265319762,4.068207011124836
1590,2718945982,7.880004538198531,4.225086372975527
1591,1859900144,7.640549217470174,3.85475554646382
1592,2305446143,7.899320324759002,4.046847784649611
1593,4288775453,7.528838179514636,3.95271128792399
1595,281446151,7.947585439625793,4.233289634568229
1596,746172812,7.915813024043766,4.5760033240104265
1597,2650375172,7.514230400759106,4.016654799515573
1599,3066751024,7.664079799222327,4.108479097090784
1600,2133389205,6.982034415656627,3.815189258605738
1601,978955855,7.149850987614079,4.191514488149929
1602,108828000,7.5505067014932,4.204995937213476
1603,3531047767,6.553965330832656,4.037723092224416
1609,482239832,7.937747280088681,4.1439602911860485
1623,1939119029,7.224748988752985,4.226827014386965
1626,1919055552,8.619345236339282,4.224259102304361
